{
  "all_on": {
    "day_pnls": [
      -444742.0,
      -522548.5,
      -377515.0
    ],
    "mean": -448268.5,
    "min": -522548.5
  },
  "only_hydrogel": {
    "day_pnls": [
      -218537.0,
      -257904.0,
      -171380.0
    ],
    "mean": -215940.33333333334,
    "min": -257904.0
  },
  "only_vex_mm": {
    "day_pnls": [
      -164635.0,
      -199715.5,
      -164250.5
    ],
    "mean": -176200.33333333334,
    "min": -199715.5
  },
  "only_deep_itm_arb": {
    "day_pnls": [
      -164635.0,
      -199532.5,
      -164017.5
    ],
    "mean": -176061.66666666666,
    "min": -199532.5
  },
  "only_near_atm_mm": {
    "day_pnls": [
      -226205.0,
      -264827.5,
      -206368.0
    ],
    "mean": -232466.83333333334,
    "min": -264827.5
  },
  "no_near_atm": {
    "day_pnls": [
      -383172.0,
      -457436.5,
      -335397.5
    ],
    "mean": -392002.0,
    "min": -457436.5
  },
  "no_deep_itm": {
    "day_pnls": [
      -444742.0,
      -522731.5,
      -377748.0
    ],
    "mean": -448407.1666666667,
    "min": -522731.5
  }
}